unit,parent
slade school of fine art,arts & humanities
philosophy,arts & humanities
arts and sciences basc,arts & humanities
english language and literature,arts & humanities
european social and political studies,arts & humanities
greek and latin,arts & humanities
hebrew and jewish studies,arts & humanities
humanities and social sciences,arts & humanities
information studies,arts & humanities
centre for languages and international education,arts & humanities
centre for multidisciplinary and intercultural inquiry,arts & humanities
"school of european languages, culture and society",arts & humanities
ssees - school of slavonic and east european studies,arts & humanities
science and technology studies,arts & humanities
french,arts & humanities
centre for intercultural studies,arts & humanities
dutch language and literature,arts & humanities
human communication science,arts & humanities
school of slavonic and e. european stds,arts & humanities
arts and sciences basc office,arts & humanities
human sciences,arts & humanities
language centre (affiliates),arts & humanities
italian,arts & humanities
"library, archive and information studies",arts & humanities
spanish and latin american studies,arts & humanities
german,arts & humanities
jill dando institute of crime science,arts & humanities
scandinavian studies,arts & humanities
centre for european studies,arts & humanities
institute of the americas,arts & humanities
ucl australia,engineering
bartlett school of architecture,engineering
bartlett school of constrctn. & prj. mgmt.,engineering
"bartlett school of environment, energy and resources",engineering
bartlett school of planning,engineering
bartlett school of graduate studies,engineering
institute for global prosperity,engineering
biochemical engineering,engineering
centre for advanced spatial analysis,engineering
complex,engineering
chemical engineering,engineering
"civil, environmental and geomatic eng.",engineering
computer science,engineering
development planning unit,engineering
electronic and electrical engineering,engineering
ucl school of management,faculty of social & historical sciences
mechanical engineering,engineering
medical physics and biomedical engineering,school of life and medical sciences
ucl qatar,engineering
security and crime science,engineering
"science, technology, engineering and public policy",engineering
ucl medical school,school of life and medical sciences
division of psychology and language sciences,faculty of brain sciences
sainsbury wellcome centre for neural circuits and behaviour,faculty of brain sciences
division of psychiatry,faculty of brain sciences
ear institute,faculty of brain sciences
institute of neurology,faculty of brain sciences
institute of ophthalmology,faculty of brain sciences
gatsby computational neuroscience unit,faculty of brain sciences
school of pharmacy,school of life and medical sciences
institute for global health,faculty of population health sciences
institute of health informatics,faculty of population health sciences
institute of cardiovascular science,faculty of population health sciences
institute for women's health,faculty of population health sciences
epidemiology and public health,faculty of population health sciences
division of population health,faculty of population health sciences
primary care and population sciences,faculty of population health sciences
anthropology,faculty of social & historical sciences
institute of archaeology,faculty of social & historical sciences
economics,faculty of social & historical sciences
geography,faculty of social & historical sciences
history,faculty of social & historical sciences
history of art,faculty of social & historical sciences
political science,faculty of social & historical sciences
"culture, communication and media",UCL Institute of Education
"curriculum, pedagogy and assessment",UCL Institute of Education
"education, practice and society",UCL Institute of Education
london centre for leadership in learning,UCL Institute of Education
learning and leadership,UCL Institute of Education
lifelong and comparative education,UCL Institute of Education
psychology and human development,UCL Institute of Education
social science,UCL Institute of Education
chemistry,mathematical & physical sciences
earth sciences,mathematical & physical sciences
mathematics,mathematical & physical sciences
natural sciences,mathematical & physical sciences
physics and astronomy,mathematical & physical sciences
space and climate physics,mathematical & physical sciences
statistical science,mathematical & physical sciences
division of biosciences,school of life and medical sciences
laboratory for molecular cell biology,school of life and medical sciences
cancer institute,school of life and medical sciences
institute of child health,school of life and medical sciences
institute of clinical trials and methodology,school of life and medical sciences
eastman dental institute,school of life and medical sciences
institute of epidemiology and health care,school of life and medical sciences
division of infection and immunity,school of life and medical sciences
division of medicine,school of life and medical sciences
division of surgery and interventional science,school of life and medical sciences
wolfson inst. for biomedical research,school of life and medical sciences
faculty of medical sciences,school of life and medical sciences
obstetrics and gynaecology,school of life and medical sciences
pathology,school of life and medical sciences
biochemistry and molecular biology,school of life and medical sciences
infection,school of life and medical sciences
surgery,school of life and medical sciences
clinical studies,school of life and medical sciences
division of surgery and interventional sci,school of life and medical sciences
nuclear medicine,school of life and medical sciences
faculty of biomedical sciences,school of life and medical sciences
anatomy and developmental biology,school of life and medical sciences
wolfson institute for biomedical research,school of life and medical sciences
biology,school of life and medical sciences
physiology,school of life and medical sciences
institute of urology,school of life and medical sciences
immunology and molecular pathology,school of life and medical sciences
gynaecological oncology,school of life and medical sciences
division of medical education,school of life and medical sciences
haematology,school of life and medical sciences
oncology,school of life and medical sciences
orthopaedics and musculoskeletal sci.,school of life and medical sciences
medicine,school of life and medical sciences
pre-clinical studies,school of life and medical sciences
pharmacology,school of life and medical sciences
wellcome trust centre history of medicine,school of life and medical sciences
division of research strategy,engineering
mental health sciences,faculty of brain sciences
natural sciences office,mathematical & physical sciences
ucl energy institute,engineering
european social and political studies and political studies,arts & humanities
phonetics and linguistics,faculty of brain sciences
school of energy and resources (australia),engineering
geomatic engineering,engineering
psychology,division of psychology and language sciences
rlw institute of neurological studies,faculty of brain sciences
natural/physical sciences,mathematical & physical sciences
chime,engineering
calt,engineering
faculty of engineering sciences,engineering
interdepartmental programmes,engineering
civil and environmental engineering,engineering
medical physics,school of life and medical sciences
management science and innovation,engineering
management studies centre,engineering
institute for digital innovation in the built environment,bartlett school of architecture
institute of prion diseases,school of life and medical sciences
faculty of life sciences,school of life and medical sciences
faculty of brain sciences,school of life and medical sciences
ucl gos institute of child health,school of life and medical sciences