faculty,departments
Faculty of Mathematical and Physical Sciences,Department of Chemistry
Faculty of Mathematical and Physical Sciences,Department of Earth Sciences
Faculty of Mathematical and Physical Sciences,Department of Mathematics
Faculty of Mathematical and Physical Sciences,Department of Physics and Astronomy
Faculty of Mathematical and Physical Sciences,Department of Science and Technology Studies
Faculty of Mathematical and Physical Sciences,Department of Space and Climate Physics
Faculty of Mathematical and Physical Sciences,Department of Statistical Science
Faculty of Mathematical and Physical Sciences,Institute for Risk and Disaster Reduction
Faculty of Medical Sciences,Cancer Institute
Faculty of Medical Sciences,Division of Infection and Immunity
Faculty of Medical Sciences,Division of Medicine
Faculty of Medical Sciences,Division of Surgery and Interventional Science
Faculty of Medical Sciences,Eastman Dental Institute
Faculty of Medical Sciences,UCL Medical School
Faculty of Population Health Sciences,
Faculty of Population Health Sciences,Global Business School for Health
Faculty of Population Health Sciences,Institute of Cardiovascular Science
Faculty of Population Health Sciences,Institute of Clinical Trials and Methodology
Faculty of Population Health Sciences,Institute of Epidemiology and Health Care
Faculty of Population Health Sciences,Institute for Global Health
Faculty of Population Health Sciences,Institute of Health Informatics
Faculty of Population Health Sciences,UCL Elizabeth Garrett Anderson Institute for Women's Health
Faculty of Population Health Sciences,UCL Great Ormond Street Institute of Child Health
Faculty of Social and Historical Sciences,Department of Anthropology
Faculty of Social and Historical Sciences,Department of Economics
Faculty of Social and Historical Sciences,Department of Geography
Faculty of Social and Historical Sciences,Department of History
Faculty of Social and Historical Sciences,Department of History of Art
Faculty of Social and Historical Sciences,Department of Political Science
Faculty of Social and Historical Sciences,Institute of Archaeology
Faculty of Social and Historical Sciences,Institute of the Americas
Faculty of Social and Historical Sciences,Department of Anthropology
Faculty of Social and Historical Sciences,Department of Economics
Faculty of Social and Historical Sciences,Department of Geography
Faculty of Social and Historical Sciences,Department of History
Faculty of Social and Historical Sciences,Department of History of Art
Faculty of Social and Historical Sciences,Department of Political Science
Faculty of Social and Historical Sciences,Institute of Archaeology
Faculty of Social and Historical Sciences,Institute of the Americas
Faculty of Arts and Humanities,Department of English Language and Literature
Faculty of Arts and Humanities,Department of Greek and Latin
Faculty of Arts and Humanities,Department of Hebrew and Jewish Studies
Faculty of Arts and Humanities,Department of Information Studies
Faculty of Arts and Humanities,Department of Philosophy
Faculty of Arts and Humanities,Slade School of Fine Art
Faculty of Arts and Humanities,"School of European Languages, Culture and Society"
Faculty of Arts and Humanities,UCL Arts and Sciences
Faculty of Brain Sciences,Division of Psychiatry
Faculty of Brain Sciences,Division of Psychology and Language Sciences
Faculty of Brain Sciences,Ear Institute
Faculty of Brain Sciences,Institute of Ophthalmology
Faculty of Brain Sciences,Institute of Prion Diseases
Faculty of Brain Sciences,UCL Queen Square Institute of Neurology
Faculty of Brain Sciences,UK Dementia Research Institute HQ
Faculty of the Built Environment,The Bartlett Centre for Advanced Spatial Analysis
Faculty of the Built Environment,The Bartlett School of Architecture
Faculty of the Built Environment,The Bartlett School of Sustainable Construction
Faculty of the Built Environment,"The Bartlett School of Environment, Energy and Resources"
Faculty of the Built Environment,The Bartlett Development Planning Unit
Faculty of the Built Environment,The Bartlett School of Planning
Faculty of the Built Environment,UCL Institute for Global Prosperity
Faculty of the Built Environment,UCL Institute for Innovation and Public Purpose
Faculty of the Built Environment,UCL Urban Laboratory
Faculty of Engineering Sciences,Department of Biochemical Engineering
Faculty of Engineering Sciences,Department of Chemical Engineering
Faculty of Engineering Sciences,"Department of Civil, Environmental and Geomatic Engineering"
Faculty of Engineering Sciences,Department of Computer Science
Faculty of Engineering Sciences,Department of Electronic and Electrical Engineering
Faculty of Engineering Sciences,Department of Mechanical Engineering
Faculty of Engineering Sciences,Department of Medical Physics and Biomedical Engineering
Faculty of Engineering Sciences,"Department of Science, Technology, Engineering and Public Policy"
Faculty of Engineering Sciences,Department of Security and Crime Science
Faculty of Engineering Sciences,UCL School of Management
Faculty of Laws,
